plu_kod,tw_nazwa,tw_cena_sprz,tw_idabaco
5902036000670,FANTA NAP GAZ 4X850ML POMAR,"18,99",4168399
5449000294685,FANTA NAP GAZ 4X850ML POMAR,"18,99",4168399
5908260250843,OSHEE NAP IZO WIELOOWOCOWY 1L,"4,49",3871498
5449000131805,COCA COLA NAP”J GAZ 330ML ZERO,"3,99",3869955
5908260251574,OSHEE NAP IZO 0 CUKR OWOC 750ML,"3,29",3871555
5900552029731,4MOVE 150ML VITAMIN KICK WI+MI,"2,29",3871563
5908260251659,OSHEE VIT NAP ENER TROPIK 250ML,"2,69",3871589
5907637321414,ECO+  Napoj niegazowany jablko,"1,19",3870854
5900497019064,PEPSI 4X1.5L COLA,"19,49",3870094
5900497018661,PEPSI 4X1.5L COLA,"19,49",3870094
5900497314046,PEPSI 4X1.5L COLA,"19,49",3870094
5901597860433,HOOP NAP”J 2L GAZ COLA,"5,49",3869864
5900497311502,PEPSI 1.5L COLA,"7,79",3870102
5906441330803,ZBYSZKO 3 FRESH CITR 1.75L GAZ,"3,29",3870219
3564700814017,"WM NAPOJ GAZOWANY TONIC 1,5L","4,99",3870391
5900552041429,BLACK 250ML SEX ENERGY,"2,99",3871092
5900497020558,ROCKSTAR NAP”J ENERG 250ML XDUR,"4,39",3871126
5900497280501,MOUNTAIN DEW 500ML,"4,79",3870680
5060896623863,MONST NAP”J ENERG 500ML GOLD,"5,99",4360517
5908260253790,OSH VITAM NAP 555,"3,49",4632246
5908260252472,OSHEE VITAMIN FRUIT RED PUSZKA,"1,9",4632253
5908260251246,MINERAL WATER 1 000 ML,"2,99",4632279
5900497112383,"PEPSI NAP GAZ 2,25L COLA","8,99",4634119
5906441340888,Zbyszko 3 Gorzkie PomaraÒcze ga,"2,59",4765921
5908260250027,OSHEE VIT NAP ENER WIT C 555ML,"3,49",3871480
5900497302005,PEPSI MAX 2L,"7,99",3869930
5449000131843,COCA COLA ZERO 2L,"7,49",3869963
5908260250126,OSHEE NAP IZO POMARA—CZOW 750ML,"3,29",3871514
5449000014535,SPRITE NAP”J 330ML,"2,99",3870532
8001160001113,PEPSI GATO NAP IZOT 500ML BLUE,"3,29",3871613
3564709000114,NRT LEMONIADA CYTRYNOWA 1L GAZ,"9,99",3870623
5997264159320,"PEPSI LIPT NAP HERB 1,5L GREEN","5,49",3870904
3564700510735,WM NAP”J 6X330X GAZOW COLA ZERO,"10,99",3870078
5900497670500,PEPSI LIPT NAP HERB 500ML GREEN,"2,99",3870797
5997264159313,PEPSI LIPT NAP HERB 500ML GREEN,"2,99",3870797
5900497019699,PEPSI LIPT NAP HERB 500ML GREEN,"2,99",3870797
5449000000286,COCA COLA NAP”J GAZ 2L,"11,49",3869872
5900552021223,BLACK 4X250ML TYSON,"12,99",3871001
5900552047223,BLACK VITAMIN ENERGY MAGNEZ+GUA,"1,99",3871019
5900497300506,PEPSI 500ML MAX,"4,79",3870110
5906441330797,ZBYSZKO 3 TONIC 1.75L GAZ,"3,29",3870227
3564700813584,WM NAPOJ GAZOWANY MOHITO ZERO P,"3,99",3870383
5900956103099,HERBAPOL GRE NAP 250ML ENER ACA,"3,49",3871084
5903240220007,SOTI NAT NAP”J 530ML ZIEL HERB,"4,79",4638177
5902860411260,SCHWEPP NAP 1.35L GAZ ORANGE,"7,59",4650909
5902860413783,SCHWEPP NAP 1.35L TONIC ZERO,"7,99",4650958
5900541005760,Øywiec zdrÛj green tea gruszka,"3,29",4653655
5900334019448,Tymbark aseptic jab≥ko-úliwka-m,"3,49",4193348
5908260251383,OSHEE NAP IZO LIMONKA 750ML,"3,29",3871472
5905256160032,JURAJSKA ICE TEA 1.5L BRZOS N/G,"4,79",3870755
54491069,SPRITE 0.5L,"3,19",3870490
54491069,SPRITE 0.5L,"3,19",3870490
5900497340335,7 UP 0.33L,"2,59",3870516
5908260251550,OSHEE NAP IZO 0 CUKR CYTR 750ML,"3,29",3871571
5900497012140,PEPSI 2X1.5L COLA,"15,49",3870086
5905256980043,JURAJSKA TONIC 1.5L CYTRUS GAZ,"2,79",3870631
5905256130035,JURAJSKA KRZYå 1.25L CYTRYN GAZ,"2,19",3870649
5900497339025,MIRINDA ORANGE 2X2L,"6,99",3870672
5900334008213,TIGER NAP”J 250ML ENERG ZERO,"2,49",3871027
5906441330728,ZBYSZKO 3 LIMONKI 1.75L GAZ,"3,29",3870169
5449000159144,"SPRITE LEMON LIME PUSZKA 0,2L","1,59",3870367
5449000310002,FANTA NAP 500ML GAZ WTF ACA/MAN,"4,99",4360525
5449000310453,FANTA NAP 850ML GAZ WTF ACA/MAN,"6,99",4360533
4061445177999,TCHIB COFFIZZ NAP 500ML LEMON,"9,69",4059028
5900352015415,ORANØADAHELLENA ZERO 400ml,"1,99",4499026
5901466217337,SKOROSZYT PP A4 Z W•SAMI STANDA,"0,89",3896321
5901466217351,SKOROSZYT PP A4 Z W•SAMI STANDA,"0,89",3896339
5908260253455,OSHEE VIT HER EARL GR+CYT 555ML,"2,99",4632220
5900497023450,"PEPSI MIRIN NAP GAZ 2,25L ORANG","8,49",4634127
5906213012173,KOMODO NAP”J ENER MANGO 250ML,"2,29",4632584
5907637329809,ÄCO NAP GAZ 2L O SM COLI,"2,59",4379160
3564700487471,WM NAP”J ENERG 250ML GAZOWANY,"2,19",4765939
5449000011114,COCA COLA NAP”J GAZ 200ML,"2,99",3870037
5908260252861,OSHEE NAP IZO CZYSTY 750ML,"3,29",3871522
5449000004864,SPRITE NAP”J GAZ 2L,"10,99",3870524
5908260252274,OSHEE NAP IZO R”ØOWY 750ML,"3,29",3871605
5449000008046,"COCA COLA  PUSZKA 0,25L","1,99",3870060
5900497281010,MOUNTAIN DEW 1L,"3,69",3870656
5900352011431,HELLENA NAP”J NIEGAZOWANY POMAR,"5,59",3870995
9002490200220,RED BULL NAP”J 250ML ENER FREE,"5,99",3871068
9002490100193,RED BULL NAP”J 6X250ML ENER,"22,99",3871076
5906441330766,ZBYSZKO 3 CZERW POMAR 1.75L GAZ,"3,29",3870177
5900497332002,MIRINDA ORANGE 2L,"5,09",3870706
5902860413035,SCHWEPP NAP 1.35L GAZ RUSSCHIAN,"6,99",3758646
5902854103416,KOMODO NAP”J 1L ENER CLAS BUT,"1,99",4270799
4810285004008,LIDSKI Kwas chlebowy jasny,"10,99",4101457
5449000113030,2.0 l PET SPRITE FULL SUGAR,"10,99",4278677
5900541008464,Øywiec ZdrÛj Green Tea smak Zie,"4,99",4266276
5900334016546,TYMBARK NAP”J 330ML POM-MANGO,"2,59",4100814
5449000004123,FANTA NAP 500ML GAZ ZER WTF FIO,"4,99",4310470
5449000032423,FANTA NAP 500ML GAZ ZER WTF FIO,"4,99",4310470
5906441360138,ZBYSZKO 3 POMAR GAZ 20% S 850ML,"2,89",4313219
819538000044,EFFERVE LEMONIADA 750ML ORANGE,"8,99",4123832
5900552079613,BLACK PINK STRAWBERRY 250ML,"2,99",4123824
5060751211228,MONST NAP”J ENER 500ML MUL IMBI,"6,99",4504270
5900352008714,HELLENA ORANØADA 1.25L Ø”£TA,"3,79",3870326
5900352109855,HELLENA ORANØADA 1.25L Ø”£TA,"3,79",3870326
5449000000965,COCA COLA NAP”J GAZ 6X330ML,"22,99",3869914
5900352008721,HELLENA ORANØADA 1.25L BIA£A,"4,49",3870540
5900352015804,HELLENA ORANØADA 1.25L BIA£A,"4,49",3870540
5900352109213,HELLENA ORANØADA 1.25L BIA£A,"4,49",3870540
5449000052520,COCA COLA NAP”J GAZ 2X1.5L,"16,99",3870052
8435185953490,ORANGI NAP 1.35L GAZ ORIGINAL,"7,39",3870185
5906441330773,ZBYSZKO 3 ORANØADA BIA£A 1.75L,"3,29",3870193
5449000021779,1.0 l PET KINLEY TONIC WATER,"5,19",3870698
5902860411284,SCHWEPP NAP 1.35L GAZOW LEMON,"7,99",4650917
5902860411345,SCHWEPP NAP 1.35L GAZ MOJITO,"7,99",4650933
8850389111253,MOGU MOGU NAP”J 320ML MANGO,"5,69",3764404
5902730871835,Lemoniada mojito gaz.,"3,19",4101390
5904730983273,VITA NAP”J 330ML GAZ YERBA MANG,"3,39",4101416
5901330062469,OLIMP KOFAKTIN FORTE 25ML POMAR,"6,39",3755626
5902741009210,DARY NAP”J 250ML DETOX BIO,"6,29",4675591
4015533025419,VOELKEL NAP 330ML GAZ MATCH BIO,"6,99",4675625
4820002711386,STAROKIJEWSKI KWAS 1L CHLEB BIA,"2,99",3982436
5902854103140,KOMODO NAP”J ENER COLA ST 250ML,"1,99",4816500
5449000138026,FANTA NAP 1.5L GAZ ZERO POMAR,"7,79",4310454
5906441360121,ZBYSZKO 3 CYTRYNY 20% 850ML,"2,89",4313201
5449000297068,KINLEY NAP”J GAZ 1L MOJITO,"6,29",4318291
9002490247638,RED BULL NAP”J PUSZKA 250ML 8-P,"47,99",4366050
8001160001151,PEPSI GATO NAP IZOT 500ML LEMON,"3,29",3871506
5449000000996,COCA COLA NAP”J GAZ PU 330ML,"3,99",3869922
5900497010078,PEPSI COLA ZIP 2X2L,"6,99",3869971
5900497319027,PEPSI COLA ZIP 2X2L,"6,99",3869971
5900352008738,HELLENA ORANØADA 1.25L CZERWONA,"3,99",3870557
5900552029755,4MOVE 150ML VITAMIN KICK MAG+B6,"1,69",3871597
5900497650502,PEPSI MIRIN NAP GAZ 500ML LEMON,"3,59",3870334
5900497282000,MOUNTAIN DEW 2L,"5,09",3870664
8435185953513,ORANGI NAP 1.35L GAZ RED ORANGE,"7,39",3870136
5906441330780,ZBYSZKO 3 ORANØADA CZERW  1.75L,"3,29",3870201
5900497020879,ROCKSTAR NAP”J ENERG 250ML ORIG,"4,39",3871118
3564700688748,WM PINA COLADA 1L BEZALKOHOL,"11,99",3871662
5901466217399,SKOROSZYT PP A4 Z W•SAMI STANDA,"0,89",3896347
5908260252168,OSHEE VIT NAP ENER 0 MAGN 250ML,"3,29",4632295
8850389100684,MOGU MOGU NAP”J 320ML LICHI,"5,69",3764420
5907637329823,ÄCO ORANØADA CZERW NAP 2L GAZ,"2,39",4379186
5900552068372,BLACK 250ML FOCUS,"2,19",4783734
5902730871828,Lemoniada cytryna/rabarbar gaz.,"3,19",4101382
5449000239594,COCA COLA NAP”J GAZ 500ML PEACH,"4,59",4794517
5906750250021,NATU YERBA MATE 300ML NATURALNA,"4,99",4789160
87126815,Fanta madness winogron 500ml,"3,69",4396982
87126815,Fanta madness winogron 500ml,"3,69",4396982
884394000590,Napoj Aloe Vera King z czastkam,"7,99",4442141
5900497309028,PEPSI COLA MAX ZIP 2-PAK 2L,"6,99",3869948
5900497340502,7UP 500ML,"4,79",3870508
5900497601504,LIPTON NAP”J HERBAC 1.5L LEMON,"5,99",3870896
5900497019842,LIPTON NAP”J HERBAC 1.5L LEMON,"5,99",3870896
5449000012203,"SPRITE 1,5L","4,79",3870359
5900497611503,LIPTON NAP”J HERBAC 1.5L PEACH,"5,49",3870813
5900497310505,PEPSI 500ML COLA,"4,79",3869880
5906441330704,ZBYSZKO 3 CYTRYNY 1.75L GAZ,"3,29",3870144
5906441330711,ZBYSZKO 3 POMARA—CZE 1.75L GAZ,"3,29",3870151
3564700813546,"WM NAPOJ GAZOWANY MOHITO PET 1,","3,99",3870375
3564700575529,"WM ENERGY DRINK 6X0,25L","8,99",3871100
5900497349024,7 UP 2X2L,"6,99",3870714
5900497043366,LIPTON NAP”J 1.5L PEACH 20%SOK,"5,29",3670379
5903364210915,SKOROSZYT ZACISKOWY 9111,"2,19",3896388
5903364210991,SKOROSZYT ZACISKOWY 9111,"2,19",3896388
5903364210977,SKOROSZYT ZACISKOWY 9111,"2,19",3896388
5903364210953,SKOROSZYT ZACISKOWY 9111,"2,19",3896388
5903364210939,SKOROSZYT ZACISKOWY 9111,"2,19",3896388
5908260253431,OSHEE VIT HERB BRZOSKWIN 555ML,"3,49",4632238
5908260252465,OSHEE VITAMIN FRUIT GREEN PUSZK,"1,99",4632261
5901330037900,OLIMP KONCENT 1.505KG ISO LEMON,"59,99",3755683
5900541008433,Øywiec ZdrÛj Green Tea smak Zie,"2,99",4266292
5900541008495,Øywiec ZdrÛj Black Tea smak Cza,"2,99",4266300
5900334016560,TYMBARK NAP”J 330ML CYTR-MI TA,"2,59",4100830
5908249972476,EUREKO LEMONIADA 250ML BIO,"4,03",4648010
8809041428048,FARMERS NAP”J ALOES MANGO 1.5L,"8,99",4775086
5902730871842,Lemoniada cytrynaagrest gaz.,"3,19",4101366
5900552057338,4MOVE 750ML IZOTONI ORANGE,"2,99",3871217
54491472,COCA COLA NAP”J GAZ 500ML,"4,99",3869898
54491472,COCA COLA NAP”J GAZ 500ML,"4,99",3869898
5060466512634,BURN NAP”J ENERG 250ML ORIGINAL,"3,29",3871266
5060466515604,BURN NAP”J ENERG 250ML ORIGINAL,"3,29",3871266
9002490100070,RED BULL NAP”J 250ML ENER,"5,99",3871290
9002490100094,RED BULL NAP”J 250ML ENER,"5,99",3871290
9002490212087,RED BULL NAP”J 250ML ENER,"5,99",3871290
9002490100056,RED BULL NAP”J 250ML ENER BUTEL,"5,99",3871324
5900334008206,TIGER NAP”J 250ML ENERG CLASSIC,"2,99",3871381
5905256140027,JURAJSKA ORANØADA 1.25L NIEBIES,"1,89",3870458
5900552032373,BLACK 250ML MOJITO,"3,29",3871399
5900552038634,BLACK 250ML MOJITO,"3,29",3871399
5900497600507,LIPTON NAP”J HERBAC 500ML LEMON,"4,19",3870847
5908260251963,OSHEE NAP IZO WIELOOWOCOW 750ML,"3,29",3871456
5906213005175,OSHEE NAP IZO WIELOOWOCOW 750ML,"3,29",3871456
5905868422498,OSHEE NAP IZO WIELOOWOCOW 750ML,"3,29",3871456
5901466217238,SKOROSZYT PP A4 Z PERFORACJA EV,"0,99",4635652
5900352013701,ORANZADA YOO GAZ 275ML,"2,49",4628426
5900497030441,Lipton Matcha Ginger & Lemon 50,"2,79",4652897
5901330037924,OLIMP KONCENT 1.505KG ISO TROPI,"59,99",3755667
5901330037726,OLIMP KONCENT 1.505KG ISO ORANG,"59,99",3755675
5906441340444,VER ISOTONIC MULTI N/GAZ 700ML,"3,89",4642070
5900552051244,BLACK VITAMIN ENERGY VITAM & MI,"1,99",3871134
5900552057345,4MOVE 750ML WATER PLUS LEM&LIME,"3,69",3871142
5060337501156,MONST NAP”J ENERG 500ML ULT RED,"6,49",3871225
5900552021872,BLACK 1L TYSON,"6,49",3871340
5900352011011,HELLENA NAP GAZ 1.25L LIMONKA,"3,99",3870300
5900352011004,HELLENA NAP GAZ 1.25L POMARA—CZ,"4,29",3870318
9002490248611,RED BULL MROØNA MALINA 250ml,"3,99",4290995
3564700016633,"WM NAP”J POMARA—SCZOWY 0,2L","0,99",3868478
5900497036634,PEPSI MANGO 500ML12SZT,"3,99",3967460
5906213009418,KOMODO NAP”J VITAMIN TROP 250ML,"2,19",3914181
3601020016360,WM WK£ D/SEG A4 100K KR Z/KOPI,"5,99",3894862
5900352011875,HELLENA NAPOJ GAZOWANY ORANZADA,"4,29",4628467
5900352013695,"COLIAN HELLENA 0,4L GAZ ORANZAD","2,69",4628483
5900352011455,HELLENA NAP”J NIEGAZOWANY BRZOS,"5,59",4628525
5900552067306,FRUGO NAP”J ENERG CRANBER 250ML,"1,49",3760378
5449000006455,Kinley tonic water puszka 330ml,"2,59",4665956
5449000244949,Fanta shokata sleek 330ml,"2,59",4665964
8809125060140,PURE PLUS NAP 500ML ALOES VERA,"5,49",3940772
8809125060089,NapÛj z aloesem ØURAWINA,"3,99",3940780
5902860411222,SCHWEPP NAP 1.35L GAZ BIT LEM,"7,99",4827051
5907214114439,SKOROSZYT PP ZAWIESZ.POMARANCZ,"0,79",4092979
5449000296986,KINLEY NAP”J GAZ 500ML MOJITO,"4,89",4490652
4061445230441,TCHIB BARISTA NAP 241G S£ KARM,"9,99",4065157
5900014003941,GARAGE 0.4L ENER MANGO 0% BBZ,"5,79",3813573
5449000131836,COCA COLA NAP”J GAZ 500ML ZERO,"4,99",3869989
5901067498050,"KUBUå WATERRR PET MALINA 6X0,5L","10,25",3870953
5900956104645,HERBAPOL NAP HERB 500ML MANGO,"3,69",4047684
5901067407670,DR WITT JAB£KO - ARBUZ 1L,"2,99",4360400
5902860410744,SCHWEPP NAP 850ML GAZ TONIC,"5,79",4395687
5902860410768,SCHWEPP NAP 850ML GAZ BITT LEM,"5,79",4395695
8435185943989,SCHWEPP NAP 330ML GAZ LEMON PU,"3,49",4395828
5900497030243,7UP 330ML,"3,79",4379764
5900497030236,MIRINDA 330ML ORANGE,"3,79",4379772
5902812001938,"Przek≥adki, kolorowy karton z k","6,09",3770484
5060639123582,MONST NAP”J ENERG 500ML PIPE,"5,99",3975695
5900956104225,HERBAPOL NAP HERB 300ML BIA MAL,"3,59",4263893
5903240220793,SOTI NAT NAP”J 230ML HERB+MI”D,"3,39",4826624
5905256570039,JURAJSKA KRZYå 1.25L GRUSZ 20%,"3,99",4112884
8809041427508,Napoj farmers aloe vera kokos,"4,99",4668133
884394008244,Napoj Farmers Aloe Vera z czas,"6,59",3988797
884394008244,Napoj Farmers Aloe Vera z czas,"6,59",3988797
5900956104652,HERBAPOL NAP HERB 500ML SKRZYP,"3,69",4047593
5900956104614,HERBAPOL NAP HERB 500ML ARBUZ,"3,69",4047668
5900552079309,BLACK 500ML PINK STRAWBERRY,"4,39",4197471
5902860411208,SCHWEPP NAP 1.35L GAZOW TONIC,"7,99",4650891
5900541005746,Øywiec zdrÛj green tea miÍta 50,"3,29",4653648
8809041428062,FARMERS NAP”J 1.5L ALOES GRAN,"6,99",4775094
5907637329816,ÄCO ORANØADA BIA£A 2L GAZ,"2,39",4379178
5907637329847,ÄCO NAP GAZ 2L O SM LIMONKOWYM,"2,39",4379194
4015533042263,VOELKEL NAP 330ML GAZ MATCH BIO,"5,99",3661840
5900552071181,VITAMIN WATER 667ML MAG-WIT,"4,49",4090940
5902860412991,SCHWEPP NAP 850ML GAZ RUSSCHIAN,"5,79",4395661
5902860410805,SCHWEPP NAP 850ML GAZ ORANGE,"5,79",4395711
5902860410867,SCHWEPP NAP 850ML GAZOW MOJITO,"5,89",4395737
5902860410829,SCHWEPP NAP 850ML GAZ CITR MIX,"5,89",4395745
5900497030267,LIPTON NAP”J HERBAC 330ML LEMON,"2,99",4393385
5907480400182,Kwas chlebowy bies 330ml,"4,99",4393682
5903206035898,IDEST KOSZULKA A4/10 Z KLAPK•,"4,29",3770195
5902812001914,"Przek≥adki, kolorowy karton z k","3,69",3770476
5906441350955,ZBYSZKO 3 MOJITO 20% GAZ 1.75L,"4,79",4472361
5906441350979,ZBYSZKO 3 ORANØ Ø 20% GAZ 1.75L,"4,79",4472387
5906441350795,ROKO LEMONIADA ARONIA N/G 555ML,"2,18",4472437
5902860414872,SCHWEPP NAP 850ML GAZOW SPRITZ,"5,79",4103420
5449000276728,COCA COLA NAP GAZ 4X850ML,"25,99",4168373
5449000294692,SPRITE NAP GAZ 4X850ML,"18,99",4168407
5902596118099,DRINK2ME MOON BROTH 330ML KOLA,"5,59",4171617
5000112651867,SPRITE NAP GAZ 1.5L ZERO,"8,99",4057766
5060751211471,MONST NAP”J ENER 500ML ULTR BLU,"5,99",4504635
5449000158895,COCA COLA NAP”J GAZ 200ML ZERO,"3,29",3870045
5908260252076,OSHEE RL9 NAP JAB£K-ARBUZ 555ML,"3,49",3871548
5900497330503,MIRINDA 500ML ORANGE,"4,79",3870615
5908260251666,OSHEE VIT NAP ENER POMAR 250ML,"2,69",3871050
5900352015972,"COLIAN HELLENA 0,4L GAZ BIALA 2","2,79",3662467
5902860411307,SCHWEPP NAP 1.35L GAZ CIT MIX,"7,99",4650925
5902860411369,SCHWEPP NAP 1.35L GAZ MANDARIN,"6,99",4650941
5900334014870,TIGER NAP”J 250ML ENERG MAX,"2,49",4649372
5904730983471,Yerba Mate butelka szklana 275m,"4,79",4101408
4810285006743,LIDSKI Kwas chlebowy ciemny,"10,99",4101432
5901330024207,OLIMP KONCENTRAT 700G ISO TROPI,"32,99",3755634
4015533022289,VOELKEL NAP 330ML GAZ MATE BIO,"5,99",4675617
5449000110039,SPRITE NAP GAZ 1.5L ZERO,"7,79",4310462
9002490249632,RED BULL NAP”J 355ML ENER FREE,"6,99",4125126
5060608743919,PREDATOR NAP”J ENERG 250ML GOLD,"2,49",4179784
5449000303981,SPRITE NAP GAZ 850ML ZERO ICE,"6,99",4179933
5900552080275,FRUGO NAP”J 330ML ENERG GOLD,"2,59",4179693
8006672151004,SPUMA ALPI LEMONIADA 750ML GASS,"14,99",4187787
5449000040268,KINLEY NAP 1L GAZ LIME&MINT,"6,79",3663069
5900352015934,"NAP”J GAZ ORANØADA CZERWONA 0,2","2,69",3663820
5900352015798,HELLENA ORANØADA 1.25L CZERWONA,"3,69",3668639
5900334019547,"TIGER n.gaz ene ALOHA ban 0,5L","2,19",3670395
5900497029834,PEPSI NAP GAZ 500ML CHERRY,"3,39",4662078
5900497023139,"PEPSI NAP GAZ 2,25L MAX","7,99",4666947
8809125063165,PURE PLUS NAP 500ML KOKOSOWY,"5,69",3940699
5900552069423,FRUGO ORANØADA 250ML CZERWONA,"1,19",3942307
5907214114491,SKOROSZYT PP CZERWONY,"0,79",4092938
5900334003225,TYMBARK NAP”J 250ML JAB£KO-MI T,"1,29",4420535
5900956104362,HERBAPOL NAP HERB 300ML CZA CYT,"2,39",4309985
8435185944047,SCHWEPPES CITRUS MIX 500ml,"4,99",4307013
9002490249854,RED BULL NAP”J 250ML ENER ZERO,"5,99",4309282
5905256340113,JURAJSKA TONIC 1.25L MANGO,"2,99",4042966
5900014016095,HARNAå 4X0.5L ENERGY 0% PU,"17,99",3810819
4770395227790,RUGILE KWAS CHELBOWY BUT 1.5L,"7,29",3813243
5900497342001,7UP  2L,"5,09",3870565
5900497341011,7UP 1L,"3,69",3870573
5060751218920,MONST NAP”J ENERG 500ML NITRO,"5,99",4370557
5900497037198,"PEPSI NAP GAZ 2X1,5L LIME","9,99",3967544
5903206033818,KOSZULKA IDEST A5,"5,09",3728599
9002490246730,RED BULL ARBUZ 250ML,"4,99",4086294
8435185953711,DR PEPPER NAP 330ML GAZ ZERO PU,"2,99",4395653
5902860410027,SCHWEPP NAP 850ML GAZ LEMON,"5,89",4395729
8435185944009,DR PEPPER NAP 330ML GAZOWANY PU,"2,89",4395794
8435185943972,SCHWEPP NAP 330ML GAZ ORANGE PU,"3,29",4395836
5900497029766,Pepsi lime pet 2l,"5,09",4784971
5902860412779,"Schweppes Mojito NRB 0,275l","4,39",4408001
5449000297129,FANTA NAP 500ML GAZ ZERO SHOK,"4,99",4310439
5000112651683,FANTA NAP 500ML GAZ ZERO SHOK,"4,99",4310439
5902627098383,ÄCO NAP GAZ 1.5L O SM LIMONKOW,"2,29",4153243
4000177024836,CAPRI-SUN NAP 0.2L ICE TEA,"1,99",4179743
5906441340635,VER ISOTONIC ORAN N/GAZ 700ML,"3,89",4642062
5900497610506,LIPTON NAP”J HERBAC 500ML PEACH,"2,29",3870839
5900497019637,LIPTON NAP”J HERBAC 500ML PEACH,"2,29",3870839
5900552057314,4MOVE 750ML IZOTONI LEMON,"2,99",3871167
5060337500258,MONST NAP”J ENERG 500ML ZER ULT,"5,99",3871241
3564700460887,WM NAP”J 1.5L GAZOW COLA ZERO,"4,99",3869906
8728500996471,ROCKSTAR NAP ENERG 500ML ORIGIN,"5,49",3870276
5900497018951,ROCKSTAR NAP ENERG 500ML ORIGIN,"5,49",3870276
5906213005182,OSHEE NAP IZO GREJPFRUTOW 750ML,"3,29",3871431
5908260251987,OSHEE NAP IZO GREJPFRUTOW 750ML,"3,29",3871431
5908260251970,OSHEE NAP IZO CYTRYNOWY 750ML,"3,29",3871464
5906213005168,OSHEE NAP IZO CYTRYNOWY 750ML,"3,29",3871464
5900497025454,MIRINDA 850ML ORANGE,"6,69",3967429
5449000018496,COCA COLA NAP”J GAZ 2X1.5L ZERO,"15,99",3733714
5900352013084,HELLENA ORANØADA 250ML CZERWONA,"2,29",4628442
5900352011370,HELLENA NAP”J NIEGAZOWANY JAB£K,"5,59",4628509
5900497030564,"Lipton Matcha Ginger & Lemon 1,","4,99",4652871
5900334015204,TIGER NAP”J 250ML ENERG MOJITO,"2,89",4789491
5900552068570,FRUGO NAP”J ANTYOKSYDACJA 500ML,"1,9",4666962
819538000075,EFFERVE LEMONIADA 750ML PINK,"8,99",4123873
9002490250164,RED BULL NAP”J 250ML ENER KAKTU,"5,59",4125118
9002490250287,RED BULL NAP”J 250ML ENER KAKTU,"5,59",4125118
5000112651645,FANTA NAP 2L GAZ POMAR,"9,99",4179776
5449000303967,FANTA NAP 850ML GAZ ZERO STRAWB,"6,99",4179925
5900552057321,4MOVE 750ML ZER SUGA MULTIFRUIT,"3,99",3871183
9002490228071,RED BULL NAP”J 250ML ENER TROPI,"5,99",3871209
5900552021865,BLACK 250ML ZERO CUKRU,"2,99",3871274
5900552031482,FRUGO NAP”J ENERG MOJITO 250ML,"1,79",3871357
5060166692483,MONST NAP”J ENERG 500ML ENERGY,"5,99",3871365
5906441330735,ZBYSZKO 3 GREJPFRUTY 1.75L GAZ,"3,29",3870235
9002490212063,RED BULL NAP”J 473ML ENER,"8,79",3871423
9002490212070,RED BULL NAP”J 473ML ENER,"8,79",3871423
3564700016664,"WM NAPOJ OWOCE TROPIKALNE 6X0,2","6,99",3868957
5900352011394,HELLENA NAP”J NIEGAZOWANY CZARN,"5,59",3870722
5900497029858,PEPSI NAP GAZ 850ML CHERRY,"4,99",3967387
5900497029667,PEPSI NAP GAZ 850ML LIME,"4,99",3967395
5906441350122,ROKO LEMONIADA CYT-LIM GAZ 1L,"2,79",4657771
5900497032162,PEPSI NAP GAZ 330ML LIME,"2,59",3942471
5902860413998,SCHWEPP NAP 850ML GAZ TON PINK,"5,79",4099610
5449000296962,KINLEY NAP GAZ 500ML TONIC WAT,"4,89",4487658
5900956104348,HERBAPOL NAP HERB 300ML URODA,"2,39",4309993
5900956104393,HERBAPOL NAP HERB 300ML BIA MAL,"2,39",4305827
5900334019899,"TIGER n.gaz ene HYPER ICE  0,5L","2,19",3670403
5900552057291,4MOVE 750ML IZOTONI MINT&LIME,"2,99",3871175
5060335635365,MONST NAP”J ENERG 500ML DOCTOR,"5,99",3871191
5060166692537,MONST NAP”J ENERG 500ML RIPPER,"5,99",3871373
5449000100801,POWERADE NAP”J IZOT 500ML BLAST,"2,89",3871449
54492653,POWERADE NAP”J IZOT 500ML BLAST,"2,89",3871449
54492653,POWERADE NAP”J IZOT 500ML BLAST,"2,89",3871449
5449000201935,COCA COLA NAP GAZ 500ML B/KOFE,"4,99",3655206
5900497033374,PEPSI MIRIN NAP GAZ 850ML STRAW,"3,99",3967437
5902860413103,Schweppes russchian nrb 275ml,"4,39",4380069
5906441350139,ROKO LEMONIADA CYT-ARO-M GAZ 1L,"2,79",4657789
5908260256524,OSHEE JR VIT WODA JAB+CYT 555ML,"2,99",3760964
5449000274533,Fanta orange can 200ml,"1,49",4663415
5900552070351,FRUGO ORANØADA CZERWONA PET 1L,"1,89",3942331
4820002712598,OBOLON STAROKIJEWSKI 1L KWAS,"4,79",4482527
5449000296979,KINLEY NAP GAZ 500ML BITT LEMO,"5,69",4487633
5900956104379,HERBAPOL NAP HERB 300ML CZA BRZ,"2,39",4305140
5900956104386,HERBAPOL NAP HERB 300ML CYT MI ,"2,39",4309001
5903018051789,BY ANN NAP”J 250ML ENERG,"3,99",4306833
5900497031271,PEPSI NAP GAZ 2x850ml,"9,99",4072195
5900014005617,HARNAå 0.5L ENERGY 0% PU,"4,74",3811346
5902860415596,SCHWEPP NAP 850ML GINGER BEER,"8,29",4124665
8435185973153,SCHWEPPES NAP 450ML TONIC HIBIS,"12,49",4071643
5449000276018,COSTA NAP 250ML KAW LATTE KARM,"8,79",4179859
5900334008459,TYMBARK NAP”J 330ML CYT RABA,"2,89",4310512
5901330077494,OLIMP R-WEILER SHOT 60ML ORANGE,"6,59",4122115
5901330077906,OLIMP BLACKWEILER 60ML LEMON,"5,69",4122123
5900334017765,NESTEA NAP”J 330ML TEA CYTRYNA,"2,89",4123642
5900334017789,NESTEA NAP”J 330ML TEA ZIELONA,"2,89",4123659
5900334019431,Tymbark aseptic jab≥ko-agrest-m,"3,49",4193330
5907637321421,Eco+ Napoj niegazowany pomaranc,"1,19",3870920
5900500033247,HORTEX NAP”J JAB£KO JAGODA MI T,"3,32",3868825
5906441330544,ROKO IRON BLACK N/GAZ 400ML,"1,9",3868668
5906441330568,ROKO IRON GREEN N/GAZ 400ML,"1,9",3868676
5900497017909,MOUNTAIN DEW 1.5L,"7,29",4437075
5449000108258,SPRITE NAP”J GAZ 330ML,"3,99",4086245
5902860411918,SCHWEPP NAP 420ML GAZ CITR MIX,"2,99",4395679
5902860410782,SCHWEPP NAP 850ML GAZ GINGER,"5,79",4395703
8435185946430,SCHWEPP NAP 330ML GAZ BI LEM PU,"2,99",4395802
8435185943996,SCHWEPP NAP 330ML GAZ CITRUS PU,"3,49",4395810
5900497030229,PEPSI 330ML MAX,"3,79",4379749
5900497029636,PEPSI NAP GAZ 500ML LIME,"3,39",4379756
5902860412748,"Schweppes citrus mix nrb 0,275l","4,39",4408019
9002490208318,RED BULL NAP”J 2X250ML ENER,"10,99",4408027
5902812166903,"Koszulki groszkowe A4 Esselte,","6,89",3770518
5906441360039,POLO COCTA NAP”J GAZ 20%S 2L,"4,49",4472395
5900956104232,HERBAPOL NAP HERB 300ML ØE—-SZE,"2,39",4263901
5905133528573,JUNGLE FRUITS NAP 330ML MANGO,"3,99",4561254
5905133528597,JUNGLE FRUITS NAP 330ML SMOCZY,"3,39",4561262
5900497041287,LIPTON NAP”J 500ML LEMON ZERO,"4,99",4563151
5901067409452,DR WITT NAP”J 750ML IZOT POMAR,"3,39",4565156
5901067409438,DR WITT NAP”J 750ML IZOT JAB£KO,"3,39",4565164
5908260254872,OSHEE COMBU NAP ENER A+C 250ML,"2,19",4641684
4031244703132,LIPTON 1.5L JEØYNA ØURAW MALINA,"4,59",4035002
5900497038881,LIPTON 1.5L JEØYNA ØURAW MALINA,"4,59",4035002
5900334017567,TIGER NAP”J 500ML ENERG ARBUZI,"4,89",4470159
5900497036474,"PEPSI LIPT NAP HERB 1,5L WHITE","6,19",4834420
5901330072864,OLIMP KONCENTRAT 35G ISO CYTRYN,"4,99",4833992
5907214206004,SKOROSZYT TWARDY 7KOL,"1,29",3902046
5902596118075,BOMBILLA NAP”J 330ML YELLOW,"6,29",4630109
5901466217412,SKOROSZYT PP A4 Z W•SAMI STANDA,"0,89",3737962
8809125063097,CYMES ALOE VERA 500ML JAGODA,"4,99",4649737
8809125063059,CYMES ALOE VERA 500ML MANGO,"4,99",4649745
5908260252182,OSHEE COMBU NAP ENER KLAS 250ML,"2,79",4632287
5906441340789,VERO VITA NAP ØE—SZ N/GAZ 700ML,"3,89",4764429
5906441340772,VERO VITAM NAP MAGN N/GAZ 700ML,"3,89",4764437
5908260255817,OSHEE VIT NAP GUARANA GAZ 250ML,"3,19",4760518
5449000236630,FUZE NAP”J HERB 1.5L BRZOSKWIN,"5,89",4765061
5449000230638,500 ml PET KINLEY VIRGIN MOJITO,"4,19",4785945
5449000266477,500 ml PET KINLEY BITTER LEMON,"4,19",4785952
5900497036658,PEPSI 1.5L MANGO,"7,79",4035028
5060608748617,PREDATOR NAP”J ENERG 250ML MANG,"1,99",4179800
5060895742626,PREDATOR NAP”J ENER 250ML APPLE,"2,49",4179826
5900497311014,PEPSI COLA 1L,"3,69",3870029
4820000191227,OBO£O— KWAS 1L CHLEBOWY,"5,99",3866241
5060608745692,BURN NAP”J ENERG 250ML ZER BRZO,"3,29",4087821
54491397,FANTA NAP 500ML GAZ ZERO POMARA,"4,99",3979028
5000112654356,FANTA NAP 500ML GAZ ZERO POMARA,"4,99",3979028
54491397,FANTA NAP 500ML GAZ ZERO POMARA,"4,99",3979028
8435185956842,SCHWEPP NAP 330ML GAZOW COLA PU,"2,99",4395646
8435185954954,CANADA NAP 330ML GAZ GING PU,"2,99",4395786
5900497031127,"Lipton mango 1,5l","4,99",3768231
5901330024559,OLIMP EXTREME SPEED SHOT 25ML,"4,49",3755782
5908260252632,OSHEE NAP IZO CZERW POMAR 750ML,"3,29",3871530
5905912421316,Napoj Biore z witaminami B6+B12,"3,42",4299830
5902730872658,Napoj aloesowy Liczi 51,"6,29",4300059
5900497036733,"PEPSI NAP GAZ 1,5L CHERRY","6,69",4114187
5900334017635,TIGER NAP”J 500ML ENERG UFO,"4,99",3987856
4002846034528,MIO MIO NAP”J 500ML MATE,"6,89",4171682
4002846034689,MIO MIO NAP”J 500ML MATE IMBIR,"6,99",4171708
5900956104638,HERBAPOL NAP HERB 500ML POZIOM,"3,69",4047692
5900552082439,BLACK 500ML PARADISE,"4,39",4197463
5032678007864,FRANK NAP 200ML 1886 COLA,"5,99",4199683
5908260253813,OSHEE VIT WODA MAGNESIUM 1.1L,"4,99",4038998
5903111335533,SCHWEPP NAP 330ML GAZ MOJITO PU,"3,49",4071619
5060947540620,MONSTER NAP ENERG 500ML AUSSIE,"5,99",3656477
8435185973191,SCHWEPP NAP 450ML TONIC PEPPE,"12,49",4071650
5449000276025,COSTA NAP 250ML KAWOWY LATTE,"8,79",4179867
4029764001883,CLUB MATE NAP”J 330ML COLA,"5,99",4171773
5000112651584,FUZE NAP”J HERB 1.5L MARAKUJA,"6,39",4179768
4002846034245,MIO MIO NAP”J 500ML COLA ZERO,"6,89",4171724
4008167232865,OLIMP DRINK AMINO EAA 330ML,"3,99",4325239
5901330081798,OLIMP DRINK AMINO EAA 330ML,"3,99",4325239
5900497301015,PEPSI MAX 1L,"5,99",3870003
5900497310338,"PEPSI PUSZKA 0,33L","2,29",3870011
5900352008707,HELLENA NAP GAZ 1.25L TONIC,"3,99",3870607
3564700016640,"WM NAPOJ POMARANCZOWY 6X0,2L","9,99",3866746
5901067405997,DR WITT JAB£KO - jab≥ko1L,"2,99",4185609
5900497301503,PEPSI 1.5L MAX,"7,79",4281242
8809041428635,FARMERS NAP”J 1.5L ALOES BEZ,"6,79",4394607
5449000009500,COCA COLA NAP”J GAZ 330ML CHERR,"3,99",4395620
5449000195364,COCA COLA NAP”J GAZ 330ML CHERR,"3,99",4395620
5902860410041,DR PEPPER NAP 850ML GAZOWANY,"5,79",4395760
5902860411956,SCHWEPP NAP 420ML GAZ MOJITO,"3,89",4395778
5908243481264,RZESZOW NAP”J 1.5L GAZ KIWI,"2,29",4393674
5906441350917,ZBYSZKO 3 CZ POM 20% GAZ 1.75L,"4,79",4472320
5900552070337,FRUGO ORANØADA BIA£A PET 1L(1X6,"1,89",3942323
5907214114378,SKOROSZYT PP ZAWIESZ.ZIELONY,"0,79",4092953
5900334003201,TYMBARK NAP”J 250ML JAB£KO-ARBU,"1,39",4420444
5060337500982,500 ml CAN MONSTER ULTRA,"5,99",4306452
8809041429052,ALOE VERA NAP”J 1L ALO SUG 50%,"4,99",4307583
5905256340083,JURAJSKA TONIC 1.25L CYTRUSOWY,"3,39",4042941
5903260901641,Shot Vita C 2000 100 ml,"3,99",4130225
8435185973245,SCHWEPP NAP 450ML TONIC CHILE,"12,49",4071635
4260310559063,MATE NAP”J 500ML GAZ BRZOSKWIN,"6,69",4171799
4029764001814,CLUB MATE NAP”J 500ML GRANAT,"6,99",4171757
5900552071082,BLACK 500ML MOJITO ZERO CUKRU,"2,75",3950912
5906441350993,MAXER NAP”J GAZ CITRO 20% S 2L,"3,29",4502688
5901716992625,KRUG MAGIC DRINK 200G JEØY-MARA,"10,49",4274387
5908243481530,RZESZOW NAP”J 1.5L GAZ ORANØADA,"2,29",4275277
8435185953483,ORANGINA NAP 1.4L POMARA—CZA,"3,99",3740594
5900497032971,Pepsi ginger 500ml,"2,89",4778981
5900541007719,Øywiec zdrÛj black tea cytry li,"2,99",4680732
5905256440028,JURAJSKA LEMO 1.25L CYT TRW 20%,"3,49",4112926
5906441340192,POLO COCKTA 250ML,"1,59",4105169
5900552077695,4MOVE ACTIVE LIMONKA+CYTR 330ML,"2,99",3989183
5900352015286,HELLENA NAPOJ NIEGAZOWANY JABLK,"4,89",4114070
5900533000070,PICCOLO NAP”J MUS BRZOSKW 0%,"10,99",3992310
5908260251222,DRINK ZERO SUGAR 750 ML C500,"4,29",4494951
5908260254544,OSHEE NAP 750ML IZOT WIEDè POMA,"2,99",4055687
5902741004000,DARY NAP”J 250ML ODKWASZ BIO,"5,99",4675633
8809041427447,FARMERS NAP”J ALOES GRAN 500ML,"4,99",4793873
5900956103976,HERBAPOL NAP HERB 300ML DETOX,"1,99",4680245
5900956103983,HERBAPOL NAP HERB 300ML URODA,"3,59",4680252
5900552069461,FRUGO NAP”J CZERWONA HERB 500ML,"2,39",3942364
5908243481035,RZESZOW NAP”J 1.5L GAZ GRUSZKA,"1,99",4097440
5449000017062,COCA COLA NAP GAZ 500ML ZER VAN,"6,29",4528907
3601029953666,WM KARTKI BR 50SZT 12.5X20CM KR,"5,34",5030457
5900497017848,7UP 1.5L,"7,49",4281234
5902812001068,ESSELTE 100106 PRZEK£ADKI A4 1-,"6,49",3728573
4601373001579,"KWAS CHLEBOWY NIKOLA 0,5L","2,19",4448858
4601373001586,KWAS CHLEBOWY NIKOLA 2L,"5,69",4448866
5900497032957,Pepsi ginger puszka 330ml,"2,29",4778999
5900497033022,Pepsi ginger 1l,"3,69",4779005
5903240220724,SOTI NAT NAP”J 230ML R”Ø HERB,"3,39",4824801
5900552077732,4MOVE ACTIVE WIT C+CYNK 330ML,"2,99",3989167
5900352015262,HELLENA NAPOJ NIEGAZOWANY JABLK,"4,89",4114054
5900352015279,HELLENA NAP 1.75L JAB£ BRZO MOR,"4,89",4114062
5906728442908,BRACIA SOK 275ML MUSUJ JAB£/R”Ø,"3,49",4494472
5900497038928,LIPTON 1.5L JEØYNA ØURAWIN TRUS,"5,49",4502753
5900497039260,LIPTON NAP”J HER 1.5L GREEN TEA,"5,49",4502746
5908260257149,OSHEE PROT NAP CYTR-MI TA 750ML,"3,49",4055620
5908260257286,OSHEE VIT NAP VITAM D+K 250ML,"3,19",4055513
4260770980001,BIO NapÛj Ice Tea OP Luffy 12sz,"13,49",3829884
5032678008106,FRANK NAP 200ML MANDARIN&GINGER,"5,99",4199709
5032678006553,FRANK NAP PINK GRAPEFRUIT 200ML,"6,29",4199725
5900334020772,TIGER NAP”J 250ML ENERG STRAW,"2,49",4565271
3564706671201,WM NAP”J 6X200ML TROPIKAL KART,"7,99",4954772
3564706669017,WM NAP”J 10X200ML WIELOOWO SASZ,"17,99",4954798
5900334020468,TIGER NAP”J 250ML GAZ PLACEBO,"2,49",4961082
5900334022011,NESTEA NAP”J 1.5L TEA GRU-LICZ,"4,99",5056346
5900552057307,4MOVE 750ML IZOTONI MULTIFRUIT,"2,69",3871159
5900956102962,HERBAPOL GRE NAP 250ML ENER TRO,"3,49",3871282
5900956103068,HERBAPOL GRE NAP 250ML ENER TRO,"3,49",3871282
5906441330742,ZBYSZKO 3 COCTAIL WIT 1.75L GAZ,"3,29",3870243
5905256140034,JURAJSKA ORANØAD 1.25L NIEB 20%,"3,49",3870441
5905256150033,JURAJSKA ICE TEA 1.5L CYTR N/G,"4,79",3870730
5900497025430,7UP 850ML,"6,69",3967411
5906213009432,KOMODO NAP”J 250ML VITAMIN TROP,"1,99",3914207
5900497030540,"Lipton Matcha Yuzu Lime 1,5l","4,99",4652863
5900497030427,Lipton Matcha Yuzu Lime 500ml,"2,79",4652889
5900497029872,Pepsi wild cherry pet 1l,"2,99",4662060
5908260256944,OSHEE COMBU NAP ENER PIWO 250ML,"2,19",4795985
5900497023436,"PEPSI 7UP 2,25L NAP GAZ","8,69",4666954
5900552069409,FRUGO ORANØADA 250ML BIA£A,"1,19",3942315
5900334003218,TYMBARK NAP”J 250ML JAB£KO-BRZO,"1,39",4420451
5449000297075,KINLEY NAP”J GAZ 1L BITTER ROSE,"6,29",4487641
3564700510728,"WM JEANS COLA ZERO 0,33L PUSZK","1,69",3870128
5901330077913,OLIMP BLACKWEILER 60ML CITRUS,"6,89",4306866
5900956104676,HERBAPOL NAP HERB 500ML MELON,"2,99",3813391
4260310559056,MATE MATE NAP”J 500ML KONOPI,"6,69",4171807
4029764001807,CLUB MATE NAP”J 500ML,"6,99",4171732
4711115020086,MADAM BUBBLE TEA 320ML MANGO,"3,99",4908422
5900334021922,TYMBARK COLOVE NAP”J 1.5L LIMON,"4,69",5008743
5900334021731,TYMBARK NAP”J 1.5L CYTRYN-MI TA,"4,69",5008750
54490086,COCA-COLA 250ML SZK£O/24SZT,"3,89",5015029
54490086,COCA-COLA 250ML SZK£O/24SZT,"3,89",5015029
78000038712,DR PEPPER NAP”J 355ML CRE COCO,"4,99",5105192
78000038828,DR PEPPER NAP”J 355ML CRE COCO,"4,99",5105192
5900500045547,HORTEX NAP”J 1.5L GAZ POMARA—,"4,99",5109178
5903357304126,HOPITO Ice Ice Tea b/z,"9,99",3949682
5900541005753,Øywiec zdrÛj green tea ziel her,"5,39",4761888
5449000189370,FUZE NAP”J HERB 500ML CYTRYNA,"4,79",4644753
5906441350023,VERO NAT NAP ENERG 400ML EXOTIC,"2,79",4769014
5900497033121,PEPSI 200ML COLA,"1,89",4676235
5449000110862,SPRITE NAP”J GAZ 2X1.5L,"16,99",4089280
5449000110671,SPRITE NAP”J GAZ 500ML,"4,99",4089322
5000112615050,1.5 PET X9 COCA COLA ZERO,"7,99",4278669
5900497035248,PEPSI COLA 250 ML,"2,99",3978970
5902277170026,Wk≥ad do seg A5 50 70g kol.m5x1,"4,99",4374252
5900699107316,WARKA 4X0.5L ANANAS MARAK 0% PU,"17,58",3807534
5900334019172,NESTEA NAP”J 500ML TEA CYNAMON,"2,99",4053187
5908260258184,OSHEE FUTU NAP 100ML ENERG FORT,"5,89",3644879
5908260258221,OSHEE FUTU NAP 100ML UNIVERSUM,"5,99",3644895
5905289893013,GYM WAT NAP”J 500ML EDGE BANANA,"3,99",4561197
5905289893075,GYM WAT NAP”J 500ML LITE MANGO,"3,99",4561213
5901067409469,DR WITT NAP”J 750ML IZOT KAKTUS,"3,39",4565131
5900497041263,LIPTON NAP”J 1.5L GREEN ZERO,"6,49",4565651
5060466512665,BURN NAP”J ENERG 250ML JAB KIWI,"3,29",3871258
5900552021971,BLACK 500ML TYSON,"2,99",3871316
5900552029564,FRUGO NAP”J ENERG 250ML,"1,69",3871332
5900497019040,ROCKSTAR NAP ENERG 500ML XDUR,"5,99",3870284
9002490207274,RED BULL NAP”J 355ML ENER,"6,99",3871415
9002490222178,RED BULL NAP”J 355ML ENER,"6,99",3871415
5900497025737,MOUNTAIN DEW 850ML,"6,69",3967445
5900352013688,HELLENA ORANØADA 250ML BIA£A,"2,39",4628434
5900352011950,NAPOJ HELLENA ORANZADA CZERWONA,"2,69",4628459
5900352011400,HELLENA NAP”J NIEGAZOWANY WINOG,"5,59",4628491
5902596118013,BOMBILLA NAP”J 330ML CLASSIC,"6,29",4629978
5900334015211,TIGER NAP”J 250ML ENERG MANGO,"2,49",4789483
5449000054531,FANTA NAP”J GAZ 330ML ORANGE,"3,99",4663407
8809125063035,Napoj z aloesem,"13,99",3940756
5900497036153,"MIRINDA APPLE KIWI 0,5L","2,99",4445789
5900956104355,HERBAPOL NAP HERB 300ML DETOX,"2,39",4305835
5905256340090,JURAJSKA TONIC 1.25L BITTER LEM,"3,39",4042958
5449000276032,COSTA NAP 250ML KAWOWY CZARNA,"8,79",4179875
5060608743940,PREDATOR NAP”J ENER 250ML GREEN,"2,49",4179792
4029764001821,CLUB MATE NAP”J 330ML,"5,99",4171765
4002846034825,MIO MIO NAP”J 500ML MATE ZERO,"6,89",4171716
9002490245092,RED BULL NAP”J 250ML ENER JAGOD,"4,69",4497889
5449000133335,COCA COLA NAP 1.5L GAZ ZERO 331,"8,99",3925294
5000112651331,COCA COLA NAP 1.5L GAZ ZERO 331,"8,99",3925294
5449000089656,COCA COLA NAP”J GAZ 1.5L LIME,"7,79",3925310
9002490230104,RED BULL PUSZKA B/C 250ML,"4,99",4631032
5900541006279,Øywiec ZdrÛj lemoniada arbuz 50,"2,69",4385761
5900541006118,Øywiec zdrÛj lemoniada arbuz cy,"4,79",4396446
5906441350474,VERO NATUR NAP ENERG 250ML CLAS,"2,69",4404992
5900497030250,Mountain Dew sleek,"2,09",3944329
5900497033664,PEPSI ROCK NAP ENERG 250ML RED,"2,39",3944345
5900334003249,TYMBARK NAP”J 250ML JAB£KO-BRZO,"1,29",4420527
5449000265098,COKE NAP”J ENERG 250ML,"4,49",4262069
5901761101270,POLBIO KWAS CHLEB 500ML OSTROB,"6,59",3937448
5904730983358,VITA NAP”J 330ML GAZ YERBA MATE,"3,69",3937901
5908260257248,OSHEE VIT NAP MAGNESIUM 250ML,"3,19",4479762
5908260257163,OSHEE VIT NAP LAWENDA 555ML,"3,29",4479788
5901330012631,DOMINATOR BLACK EDITION 250ml,"1,99",4481701
5449000296825,KINLEY NAP 250ML GAZ TONIC WAT,"3,29",4330791
5900497041010,MIRINDA 850ML MELON&ACAI BERRY,"5,49",4846960
5900497036948,PEPSI 330ML MANGO SLEEK,"3,29",4846929
5902812001129,Przek≥adki plastikowe szare  PP,"9,59",3770468
5906441350894,ZBYSZKO 3 POMARA— 20% GAZ 1.75L,"4,79",4472304
5906441350962,ZBYSZKO 3 ORAN CZ 20% GAZ 1.75L,"4,79",4472379
5900334017611,TIGER NAP”J 500ML ENERG NEWS,"2,99",3987823
5449000118035,SPRITE NAP GAZ 850ML ZERO,"6,99",4169850
5906441334849,POLO COCTA NAP”J GAZOWANY 4X2L,"16,99",4170007
5902596118136,MOON BR LEMONIADA 330ML ARB+MI ,"5,59",4171625
4002846034672,MIO MIO NAP”J 500ML MATE BANAN,"6,99",4171690
5000112651294,COCA COLA NAP”J GAZ 1.5L LIME,"8,49",4063053
5901330065781,OLIMP PERCEPTIN FORTE SUPL 60ML,"8,29",3648953
5032678008083,FRANK NAP 200ML PINEAAP&ALMOND,"5,99",4199717
5905289893020,GYM WAT NAP”J 500ML EDGE PINEAP,"3,99",4561189
5900334020765,TIGER NAP”J 250ML ENERG PEACH,"2,49",4565263
5901330024221,OLIMP KONCENTRAT 700G ISO LEMON,"39,99",3755659
5900541008525,Øywiec ZdrÛj Black Tea smak Cza,"4,99",4266284
5900497032148,Pepsi WILD CHERRY 330ml,"2,29",4245171
5900334016553,TYMBARK NAP”J 330ML JAB£KO-ARBU,"2,59",4100822
5449000289902,FANTA NAP 850ML GAZ ZERO WTF,"6,99",4310488
5900334013156,TYMBARK NAP”J 330ML CYT GRUSZKA,"2,89",4310504
5906441360145,POLO COCTA NAP”J GAZ 20%S 850ML,"2,89",4313227
819538000051,EFFERVE LEMONIADA 750ML LEMON,"8,99",4123865
5902627098390,ÄCO NAP GAZ 1.5L O SM COLI,"2,39",4153227
5902627098376,ÄCO ORANØADA CZER NAP 1.5L GAZ,"1,99",4153268
5000112654455,FANTA NAP 500ML GAZ POMAR,"4,99",4058889
5901330082498,OLIMP ISO PLUS 700G ICE TEA,"39,99",4204996
5449000122421,KINLEY NAP 500ML GAZ AROM BERRY,"4,99",3822129
4260770980049,BIO NapÛj Ice Tea OP Zoro 12szt,"13,49",3829918
4260770980186,BIO NapÛj Ice Tea Naruto Kakash,"13,49",3829835
4260770980346,BIO NapÛj Ice Tea CT Kojira 12s,"13,49",3829819
5902898828924,QUALITY WODA KOKOS 320ML KOFEIN,"5,59",4882924
5900552084044,Black Energy Zero Sugar Wild St,"2,99",4986444
5900956105215,HERBAPOL NAP HERB 1L MALIN-LIPA,"5,39",5065677
5905741541032,OSHEE EATY POSI£ 500ML P£YN KAW,"19,99",5067764
5900334000002,TIGER mix 500ml,"2,49",5070586
5900497312004,PEPSI COLA 2L,"9,89",3869997
5900497018890,PEPSI 2X1.5L MAX,"15,49",3967528
5900497036412,"LIPTON RASBERY BLOSSOM 1,5L","4,99",4437117
5900552071174,VITAMIN WATER 667ML WIT-MIN,"4,49",4091039
5900552063315,BLACK 250ML AFTER ALCOHOL CYTRU,"2,99",3748886
54490697,COCA COLA NAP”J GAZ 500ML CHERR,"4,99",4395844
54490697,COCA COLA NAP”J GAZ 500ML CHERR,"4,99",4395844
54492790,COCA COLA NAP”J GAZ 500ML CHERR,"4,99",4395844
5060466518049,BURN NAP”J ENERG 250ML MANGO,"3,69",4393690
5901330077487,OLIMP R-WEILER SHOT 60ML COLA,"6,59",3969946
5906441350948,ZBYSZKO 3 TONI BR 20% GAZ 1.75L,"4,79",4472353
5449000289933,FANTA NAP 850ML GAZ ZERO POMAR,"6,99",3987146
5906441350931,ZBYSZKO 3 GREJPFR 20% GAZ 1.75L,"4,79",4472346
5900352015231,HELLENA NAPOJ GAZOWANY ORANZADA,"11,89",4283388
5906441350344,VERONI WITH MAGNEZ 700ml,"2,99",3986130
5060751211600,MONST NAP”J ENERG 500ML PARAD,"5,99",4119541
5900334017741,NESTEA NAP”J 1.5L TEA BRZO,"4,99",4320842
4002846034368,MIO MIO NAP”J 500ML COLA,"6,99",4171658
5900552083382,BLACK ENERGY DRINK CITRUS 250ml,"2,99",4199626
5032678006546,FRANK NAP 200ML ROSE&OLIV TONIC,"5,99",4199659
5032678006560,FRANK NAP 200ML FLO&CUCUM TONIC,"5,99",4199675
9002490266394,RED BULL PUSZKA 250ml GRUSZKA-C,"5,49",4872982
5900334021632,TIGER NAP”J 500ML ENERG BUBBLE,"4,99",4960209
8595231217980,KOFOLA NAP”J 500ML GAZ NO SUGAR,"4,49",5050901
5908260250515,OSHEE VIT NAP IZO MAGNEZ 555ML,"3,29",3674017
8595231211322,"Kofola bez cukru 0,5 l puszka","4,49",4524518
5900352015675,"HELLENA LEMON 20 SOKU 1,5L","2,99",3791456
5000112651904,SPRITE NAP”J 1.5L GAZ 904,"8,99",4223533
5060337508636,MONST NAP”J ENERG 500ML LH 44,"5,59",3928959
5060639121700,MONST NAP”J ENERG 500ML LOCO,"5,99",4783551
5900497033336,PEPSI MIRIN NAP GAZ 500ML STRAW,"3,29",4665840
5900497033350,Mirinda strawb-lychee pet 1l,"3,69",4665865
5449000053541,FANTA NAP 1.5L GAZ POMARA—CZA,"8,39",4663381
5907214114415,SKOROSZYT PP BIA£Y,"0,69",4093431
5907214106502,SKOROSZYT PP SZARY,"0,69",4093456
5907368839820,Isoactiv arbuz (saszetka 31.50,"0,99",4130092
5906441360015,MAXER ORANØADA CZERWON 20% S 2L,"3,29",4525390
5900334018939,TIGER NAP”J 500ML ENERG BANGER,"3,49",4347688
5904730983631,VITA NAP”J 250ML GAZ VEGAN COLA,"2,99",4220885
8586019830408,"Kofola oryginal 0,5 l PET","5,79",4232302
5000112651348,COCA COLA NAP”J 2L GAZ ZERO 348,"9,99",4223681
9900568044007,HORTEX NAP”J JAB£KO RABARBAR 1L,"4,39",4364915
3601020016322,WM WK£ D/SEG A4 100K PER KR FR,8,5029020
3601010039560,ÄCO WK£ D/SEG A4 100K KR FR KOP,"5,12",5029673
3601010039607,ÄCO WK£ D/SEG A4 200K KR FR,"14,24",5029004
3601020453387,WM SKOROSZYT B5 45K Z/ALFAB KR,"10,16",5029129
3601020032094,WM WK£ D/SEG 300K A4 KRA FR,"11,86",5028444
5740700987984,FANTA NAP”J 330ML STRAWBERRY,"3,49",5037361
5449000233295,COCA COLA NAP GAZ 330ML B/KOFE,"3,99",5126735
5900956105352,HERBAPOL NAP 1L HERB ZIEL MANGO,"5,99",5232970
5902596118037,BOMBILLA NAP”J 330ML RED,"6,29",3736923
5902596118051,BOMBILLA NAP”J 330ML BLACK,"6,29",3736931
5900497031332,Lipton mango pet 500ml,"2,79",4389599
5900334015525,TIGER NAP”J 250ML ENERG GAMER,"3,49",3751328
5906507002132,KOMODO NAP IZOTONIK 750ML CYTR,"2,59",4748380
5900541007801,Øywiec zdrÛj black tea brzosk p,"4,39",4680757
5902627094071,WM wk≥ad d/segregatora a5 bia≥y,"2,39",4406062
8809041426815,COCO NATURAL NAP”J 500ML KOKOSA,"4,99",4398053
5905256570022,JURAJSKA KRZYå 1.25L CYTYN 20%,"3,49",4112876
5900552077756,4MOVE VITAMIN WATER WIåNI 667ML,"2,89",3989225
5900497026345,PEPSI MIRIN NAP GAZ 850ML LEMON,"4,99",4114203
5900334017758,NESTEA NAP”J 1.5L TEA ZIELONA,"4,99",3997400
5449000199218,COCA COLA NAP”J GAZ 4X250ML,"14,49",4497608
5908260254339,OSHEE NAP 750ML IZOT WIEDè AGRE,"3,49",4055695
5908260253134,OSHEE VIT NAP IZOT ARBUZ 555ML,"3,29",4055455
5000112651843,FUZE NAP”J HERB 1.5L CYTRYNA,"6,39",4835724
5000112651621,"FUZETEA PEACH 1,5L","4,99",4835732
5900497040150,ROCKSTAR NAP”J ENERG 250ML ZERO,"4,39",4835351
4260770980100,BIO NapÛj Ice Tea DBS Vegeta 12,"13,49",3829785
4260770980148,BIO NapÛj Ice Tea Naruto Sakura,"13,49",3829843
5908260259716,OSHEE VIT NAP 555ML KOKOS-TRUS,"3,49",4967493
5449000009272,COCA COLA NAP”J GAZ 4X330ML,"13,99",5067590
8801069417905,CHUPA CHUPS NAP”J 345ML BLUEBER,"5,59",5070396
5902020669111,NAP”J CHAI COLA PU 330ML,"3,99",5163209
5900334024138,NEST NAP BRZOS 500,"3,89",5269675
5449000310385,FANTA NAP 850ML GAZ ZERO EXOTIC,"6,99",4179941
8006672151080,SPUMA ALPI LEMONIADA 750ML ARAN,"14,99",4187779
5000112651324,COCA COLA NAP”J 1.5L GAZ 324,"8,49",3667482
8809713915388,OKF NAP”J 1.5L FARM ALOE BLUE,"9,99",3668951
NULL,FANTA 850ml SERNIK/SZARLOTKA SUGARFR,"5,99",NULL
5903499015065,notatnik/blok biurowy FLEXIBLE,"21,09",4281275
5900552084006,BLACK NAP 250ML ENERG MOJI ZERO,"2,99",5024765
5900552080848,4MOVE 750ML SPORT GRAPEFRU ZERO,"3,99",5024724
5908260251444,OSHEE RL9 NAP SKURC/ODPOR 200ML,"2,39",4055380
5908260252731,OSHEE RL9 NAP GRANAT-CYTR 555ML,"3,69",4055372
5449000242419,COCA COLA NAP 500ML GAZ ZER LIM,"4,99",4895223
5900552085669,BLACK ENERGY CANNABIS FL PU.250,"2,99",4907317
5900552085805,"4MOVE IZO.PET 0,75LCHERRY(1X6)","2,99",4907283
5900552089469,BLACK NAP 500ML ENERG COO APPLE,"3,75",5086210
5900552089483,BLACK NAP 500ML ENERG FANC CHER,"3,49",5086202
5900552087908,FRUGO NAP”J 500ML ENERG WATE 08,"4,39",5088075
8445290633941,NESCAFE KAWA 250ML BARIS AMERI,"8,29",5097274
5775345204325,SUN LOLLY 8X60ML COLA,"17,67",5093653
5775345204387,SUN LOLLY 8X60ML MALINA,"17,73",5093646
5907709964433,STAND SUN LOLLY 1/4,"2123,6",5093174
5449000329561,"COCA-FUZE TEA CYTRYNOWA 1,5L","6,99",5186150
8595231213661,KOFOLA NAP”J 500ML GAZ ORYG PU,"3,89",4192134
5900352015965,HELLENA ORANØADA 400ML CZERWON,"2,99",3664406
5900552086062,4MOVE ACTIVE 500ML MAGNEZ,"3,49",5024971
5900552082330,FRUGO NAP”J 330ML ENERG CLASSIC,"2,99",5024740
5900552087632,BLACK NAP 500ML ENERG SUNN BLAS,"3,49",5024930
5900552080718,BLACK 250ML ENERGY COOLWAVE,"2,99",5024690
5900497043878,MIRINDA 850ML PINK GRAPEFRUIT,"6,69",5112693
5902596118648,BOBMILLA NAP”J 330ML GAZ RED,"3,99",5113972
5900552089964,4MOVE VITAM WATER 556ML CYT-GRE,"3,99",5115829
5902176738655,DZIK NAP”J 500ML ENERG KLASYK,"5,49",5118831
5904988309887,DZIK  ZERO CAFFEINE ZERO KALORI,"5,49",5118930
5905912421309,Napoj Biore z witaminami D3+K2,"3,42",4299848
5060751211419,MONST NAP”J ENER 500ML PAC PUNC,"5,99",4119533
4002846034733,MIO MIO NAP”J 500ML LAPACHO,"6,99",4171674
5000112651706,FANTA NAP 1.5L GAZ ZERO POMAR,"8,99",4057832
5908260258207,OSHEE FUTU NAP 100ML SLIMFASTER,"5,89",3644887
5032678010710,FRANK NAP 200ML ROSE LEMONADE,"5,99",4199691
5905289893051,GYM WAT NAP”J 500ML LITE BLUEBE,"3,99",4561205
5900497041300,LIPTON NAP”J 1.5L LEMON ZERO,"6,49",4565644
5900334021601,TIGER NAP”J 500ML ENERG ARBUZI,"4,99",4960191
5900334021281,TIGER NAP”J 250ML ENERG COLADA,"2,99",4961074
5449000325273,FUZE NAP HERB 500ML BOR”W LAWEN,"4,79",5051453
5900334022028,NESTEA NAP”J 1.5L TEA MARA-TRA,"4,99",5056353
7649989242495,PRIME Hydration Strawb Watermel,"3,59",5057302
7640427570354,"PRIME HYDRATION LEMON LIME 0,5L","4,99",5246863
5060895740400,PREDATOR NAP”J ENERG 250ML TROP,"2,49",4179818
5901067405935,DR WITT NAP”J 550ML ALOE-GREJPF,"3,39",4183869
5449000042231,KINLEY NAP 1L GAZ ELDERFL ZERO,"6,79",3669967
5000112651355,COCA COLA NAP”J 2L GAZ 355,"9,99",3670643
5900497036719,MIRINDA GRAPE-MELON PET 1.5L,"4,99",4281259
5900552077237,4MOVE ISOTONIK GREJPFRUT 750ML,"2,99",5024682
5900552070917,4MOVE 750ML ISOTONIC DRIN STRAW,"2,99",5024708
5900552087113,BLACK NAP 250ML ENERG LILA,"2,99",5024849
5904988310098,DZIK  ZERO CAFFEINE ZERO KALORI,"5,49",5118922
5907214114422,SKOROSZYT PP WPINANY,"0,79",4300190
5900334017628,TIGER NAP”J 500ML ENERG BOMB,"4,99",3987849
5900956104621,HERBAPOL NAP HERB 500ML MALIN,"3,69",4047676
5905133528566,JUNGLE FRUITS NAP 330ML GRAVIOL,"3,99",4561239
5905133528559,JUNGLE FRUITS NAP 330ML GUAWA,"4,39",4561247
5901067409445,DR WITT NAP”J 750ML IZOT WIELO,"3,39",4565149
5900334021625,TIGER NAP”J 500ML ENERG UFO,"4,99",4960183
5900334021298,TIGER NAP”J 250ML ENERG DAIQUIR,"2,49",4961066
5900552080879,BLACK 300ML CLASSIC,"5,29",4192555
5900497043342,LIPTON NAP”J 1.5L LEMON 20%SOK,"5,29",3670353
5900497043380,LIPTON NAP”J 1.5L GREEN 20%SOK,"5,29",3670361
5900497043229,LIPTON NAP”J 500ML LEMON 20%SOK,"4,99",4217394
5900552086840,BLACK NAP 250ML ENERG STRA MOJI,"2,99",5024807
5900552084020,BLACK NAP 250ML ENERG SEX ZERO,"2,99",5024773
5900552085836,4MOVE SPORT 750ML APPLE&KIWI,"2,99",5024955
5900552084716,BLACK NAP 500ML ENERG TROP ZERO,"3,49",5024898
5900552080244,BLACK NAP 500ML ENERG ICE CAND,"3,49",5024856
5900552090717,FRUGO NAP 250ML GAZ ULTRABLACK,"1,79",5115852
5904988310548,DZIK  ZERO CAFFEINE ZERO KALORI,"5,49",5118963
5907368802855,Isoactive puszka 250g,"3,29",5124359
5900497048514,PEPSI 1.5L LEMON ZERO,"7,79",5216197
613008719548,ARIZONA NAP 650ML DIET PEACH,"6,99",5217377
5908260254896,OSHEE NAP ENERG ZERO 250ML,"2,59",4641692
5060751213826,MONST NAP”J ENERG 500ML MANGO,"5,99",4520722
5901761106343,POLBIO KWAS CHLEB 500ML WIL ØUR,"5,79",4066296
5449000296832,KINLEY NAP GAZ 250ML BITT LEMO,"3,29",4179883
5449000296856,KINLEY NAP GAZ 250ML BITT ROSE,"3,29",4179909
5900334021595,TYMBARK COLOVE NAP”J 330ML LIMO,"2,59",5008818
5900334019424,TYMBARK COLOVE NAP”J 330ML WIåN,"2,59",5008826
8002270416897,SANPEL NAP 330ML GAZ ARANC ZERO,"3,19",5102892
8002270726798,SANPEL NAP 330ML GAZ LIMONATA,"3,19",5102884
5906441360688,POLO COCKTA NAP”J 2L GAZ CHERRY,"4,49",5197496
5907637329830,ÄCO NAP GAZ 2L O SM POMARA—CZ,"2,39",4379152
5900552063148,BLACK 250ML COLA&LIME,"1,99",4392148
5902730871811,Lemoniada cytryna/arbuz gaz.,"3,19",4101374
5901330024214,OLIMP KONCENTRAT 700G ISO ORANG,"39,99",3755642
5449000275028,Fanta winogronowa 850ml,"4,39",4396990
5449000297143,FANTA NAP 850ML GAZ ZERO SHOK,"6,99",4310447
5900334008442,TYMBARK NAP”J 330ML CYT CYTRYNA,"2,89",4310496
5902627098406,ÄCO NAP GAZ 1.5L O SM POMARA—C,"2,29",4153235
5902627098369,ÄCO ORANØAD Ø”£T NAP 1.5L GAZ,"1,99",4153250
5901067405898,DR WITT NAP”J 550ML MANGO-CYTR,"2,69",4183877
5901067408912,DR WITT NAP”J 550ML KAKTUS,"2,69",4183885
5901067405980,DR WITT JAB£KO - wiúnia 1L,"2,99",4185617
5900699107279,WARKA 0.5L MANGO CYTRUS 0% PU,"4,99",3659489
5449000033383,KINLEY NAP 1L GAZ BITT LEMON,"6,79",3669934
8809125063073,CYMES ALOE VERA 500ML GRANAT,"4,99",4649729
5449000265784,500 ml PET KINLEY TONIC WATER,"4,19",4785937
5900956103945,HERBAPOL NAP HERB 300ML CZA CYT,"3,59",4680229
5900956103952,HERBAPOL NAP HERB 300ML CZA BRZ,"2,19",4680237
5900552078548,BLACK 150ML STRONG MOJITO,"2,29",4129425
5449000297051,KINLEY NAP”J GAZ 1L BITTER LEMO,"6,29",4011102
3601029953659,WM KARTKI BR 50SZT 14.8X21CM KR,"6,37",5030473
5904988310494,DZIK ENERGY GEL CLASSIC,"9,99",5224621
5904988310708,DZIK ENERGY GEL CLASSIC,"9,99",5224621
5904988310500,DZIK ENERGY GEL GRAPE,"9,99",5224639
9002490281335,RED BULL NAP”J PUSZKA 250ML PIN,"5,59",5233051
5900497033084,Pepsi ginger 2l,"5,09",4779013
5900497036436,"LIPTON RASPBERRY I CHERRY 0,5L","2,69",4444774
5900552076360,FRUGO NAP”J ENERG PINK 330ML,"2,79",3989159
5900352015248,HELLENA NAPOJ NIEGAZOWANY JABLK,"4,89",4114039
5900352015255,HELLENA NAPOJ NIEGAZOWANY JABLK,"4,89",4114047
5900497037211,MOUNTAIN DEW 2X1.5L,"11,99",4114252
5907214114507,SKOROSZYT PP ZIELONY,"0,79",4499414
5907214114521,SKOROSZYT PP Ø”£TY,"0,79",4499422
5906728442885,BRACIA SOK 275ML MUSUJ JAB£/LAW,"3,49",4494480
5905669653268,BRACIA SOK 275ML MUSUJ JAB£/BEZ,"3,49",4494498
5900334010674,TYMBARK NAP”J 500ML CHMIEL CYTR,"2,89",4055307
5900334010650,TYMBARK NAP”J 500ML CHMIEL JA£O,"2,89",4055299
5908260257323,OSHEE VIT NAP COLA MAGNEZ 250ML,"2,39",4055539
5449000039767,KINLEY NAP 1L GAZ AROMA BERRY,"6,79",3669959
5902860416470,SCHWEPP NAP 1.35L TONIC CITR,"6,89",3670718
5900497043267,LIPTON NAP”J 500ML GREEN 20%SOK,"4,99",4217386
5900552084792,BLACK NAP 500ML ENERG SPRIT ZER,"3,49",5024880
5900552082316,FRUGO NAP”J 330ML ENERG MOJITO,"2,99",5024757
5900552080817,4MOVE SPORT 750ML MINT&LIME ZER,"3,99",5024948
5900552090694,FRUGO NAP 250ML GAZ ULTRABLUE,"1,79",5115860
5900552088820,4MOVE NAP 556ML IZOT HYDR LIME,"3,99",5115787
5905868421842,OSHEE VIT NAP 500ML GAZ WIT MIN,"3,49",5211115
5906441360626,ZBYSZKO 3 NAP”J GAZ 1.75L KIWI,"4,79",5214606
5908260250522,OSHEE VIT NAP IZO WIT+MIN 555ML,"3,29",3673993
5906441340253,VERO NAP”J ENERGY N/GAZ 700ML,"2,29",3673811
8809041429038,ALOE VERA NAP”J 1L ALOES 50%,"5,99",3958220
5908260250768,OSHEE VIT NAP ENER LAWEND 555ML,"3,29",4680328
5900334018465,TYMBARK NAP”J 200ML JAB£KO-ANA,"1,39",4129367
5900334018458,TYMBARK NAP”J 200ML JAB£KO-MARA,"1,39",4129391
5907368844084,Isoactiv zielona herbata (sasze,"0,99",4130076
8435185953476,ORANGI NAP 850ML GAZ RED ORANG,"5,39",4008538
8594003849626,KOFOLA NAP”J GAZ ORGIN BU 500ML,"6,79",4524591
4260471621159,VERONI WITAMINA ACTIVE 700ml,"2,99",4527925
5060895743067,PREDATOR NAP ENERG 250ML BRZOSK,"3,69",4079299
5900497041096,ROCKSTAR NAP”J 500ML ENERG STRA,"4,99",3781408
5904730983754,VITA NAP”J 330ML GAZ YERBA GRAP,"3,79",4220869
3601020242899,WM SKOROSZYT PP A6+ 45K Z/AL KR,"10,01",5029095
3601020016346,WM WK£ D/SEG B5 100K KR FR KOPI,"6,23",5029731
3601020453271,WM WK£ D/SEG A4 200K KR FR KOL,"18,08",5029772
3601029896543,WM PRZEK£AD D/SEG 6SZT 24X32CM,"3,99",5028923
613008724221,ARIZONA NAP”J 473ML GREEN TEA,"8,93",5119367
5900334021939,TYMBARK COLOVE NAP”J 500ML LIMO,"3,29",5132360
5900956105376,HERBAPOL NAP 1L HERB CZARN CYTR,"5,99",5232996
5900956105369,HERBAPOL NAP 1L HERB BIA£ MALIN,"5,99",5232988
5449000031136,KINLEY NAP 1L GAZ TONIC WATER,"6,79",3661709
5900334003423,NESTEA NAP”J 1.5L TEA BRZO,"4,29",3965464
5909000601543,KOMODO NAP”J VITAMIN CYTR 250ML,"2,99",3742442
5449000235947,FUZE NAP”J HERB 500ML TRAWA CYT,"3,99",4777306
9002490237615,Red Bull Kokos-Acai 250ml,"4,49",4772406
5900334015990,Tiger napoj gaz energetyczny fu,"3,99",4409280
5449000011312,FANTA NAP”J GAZ 2L ORANGE,"9,59",4429304
5449000297983,AHA WODA 330ML GAZ BLUEB POMERG,"2,79",4017638
5902854103218,KOMODO NAP ENERG 250ML B/CUKRU,"2,29",4168423
5903242582318,BEORG IZOTONIK 100G SI£A BIO,"19,99",3636719
5449000052728,KINLEY NAP 250ML GAZ AROM BERRY,"3,49",4232161
5740700995774,COCA COLA NAP”J 330ML CHERRY,"3,99",5038898
5741000224786,PEPSI MAX NAP”J 330ML LEMON,"3,19",5038831
5901067410496,DR WITT NAP”J 550ML WIT E JAB£,"3,49",5135090
5905133528139,JUNGLE NAP 450ML NATA LICZ,"3,49",5137773
8801056237974,MILKIS NAP”J 250ML CYTR-LIMO,"2,99",5233960
8801056791018,MILKIS NAP”J 250ML TRUSKAWKA,"2,99",5233952
5908260257361,OSHEE VIT NAP ØE—-SZE— 500ML,"3,49",4055547
4260770980247,BIO NapÛj Ice Tea OPR Uta 12szt,"13,49",3829942
4260770980308,BIO NapÛj Ice Tea DBZ Goku 12sz,"13,49",3829744
8594003849602,KOFOLA NAP”J 2L GAZOWANY,"8,29",3831112
8720289072063,NAP”J ISOTONIC ORANGE 0.55l,"1,99",4967469
5900956105222,HERBAPOL NAP HERB 1L MANG-POKRZ,"5,39",5065602
5905741541025,OSHEE EATY POSI£ 500ML P£YN JAG,"19,99",5067756
5905741540288,OSHEE EATY POSI£ 500ML P£YN TRU,"19,99",5067731
5902854108725,NAP”J 330ML CHAI MATE BERRY PU,"3,49",5163233
8595231216464,PRAGER KOMBUCHA 330ML YERBA BIO,"7,69",5167945
4015533028724,VOEL KOMBUCHA 750,19,5265079
5900334024114,NEST NAP CYTR 500,"3,89",5269683
5060895745955,BURN ARBUZ ZER 250,"3,29",5276605
4061445145004,TCHIB COFFIZZ NAP 500ML PASSION,"5,79",4059010
5449000040008,1.0 l PET KINLEY BITTER LEMON,"5,19",4777272
5449000217127,1.0 l PET KINLEY MOHITO,"5,29",4777280
5900352014005,NAPOJ HELLENA ORANZADA ZOLTA 27,"2,69",3744364
5900352013992,"COLIAN HELLENA 0,4L GAZ ORANZAD","2,59",3744372
5909000601567,KOMODO NAP”J ENER KAKTUS 250ML,"2,29",3742608
54490703,COCA COLA NAP”J GAZ 330ML SZK£O,"5,99",4782678
54490703,COCA COLA NAP”J GAZ 330ML SZK£O,"5,99",4782678
90375408,COCA COLA GAZ 330ML SZK£ ZERO,"5,99",4782686
90375408,COCA COLA GAZ 330ML SZK£ ZERO,"5,99",4782686
5449000275448,COCA COLA NAP”J GAZ 850ML ZERO,"6,99",4796181
5902176738907,DZIK NAP”J 250ML ENERG KLASYK,"3,49",5118823
5904988309825,DZIK  ZERO CAFFEINE ZERO KALORI,"5,49",5118955
5900497048484,PEPSI 500ML LEMON ZERO,"5,49",5216189
5900497019316,PEPSI 850ML COLA,"6,99",3967452
5906507002149,KOMODO NAP IZOTONIK 750ML W/OWO,"2,59",4748398
5908260255572,OSHEE NAP IZO CZ PORZECZK 750ML,"3,29",4760500
5449000235954,FUZE NAP”J HERB 1.5L TRAWA CYTR,"5,89",4765087
5900497033367,Mirinda apple-kiwi pet 1l,"3,69",4665873
5900552069454,FRUGO NAP”J CZARNA HERB 500ML,"2,39",3942349
5900497029629,"PEPSI LIMA 0,33L PUSZ.","3,69",3987229
5900552069447,FRUGO NAP”J ZIELONA HERB 500ML,"2,39",3942356
5907214106458,SKOROSZYT PP ZAWIESZ.ZIELONY,"0,69",4093399
5907214114392,SKOROSZYT PP ZAWIESZ.ZOLTY,"0,79",4093415
5907214114538,SKOROSZYT PP CZARNY,"0,79",4093464
5907214114569,SKOROSZYT PP POMARANCZOWY,"0,79",4093480
5900497037662,ROCKSTAR NAP”J ENERG 500ML MANG,"4,39",4131470
5900497043243,LIPTON NAP”J 500ML PEACH 20%SOK,"4,99",4220513
5900552078333,BLACK 150ML STRONG CLASSIC,"2,29",4337432
5900500042706,JURAJSKA NAP 12X500ML L/GAZ POM,"4,99",4349502
5905256760126,JURAJSKA NAP 12X500ML L/GAZ POM,"4,99",4349502
3601020032100,WM WK£ D/SEG 300K A4 KR,"15,99",5028477
3601010039522,ÄCO WK£ D/SEG A4 100K KR FR,"5,12",5029665
3601029932401,WM WK£AD D/SE N/SP A4 80K KR,"15,99",5031505
78000009538,DR PEPPER NAP”J 355ML GAZ CHERR,"5,93",5119417
2050000051777,DR PEPPER NAP”J 355ML GAZ CHERR,"5,93",5119417
78000033489,DR PEPPER NAP”J 355ML GAZ CREAM,"5,49",5119409
5901330072857,OLIMP KONCENTRAT 35G ISO POMARA,"4,99",4834008
5900552059974,4MOVE ACTIVE WATER WITAM+MINER,"1,79",3924156
5449000275509,COCA COLA NAP”J GAZ 850ML CHERR,"6,99",4796199
5000112643497,FANTA NAP”J GAZ 850ML ORANGE,"6,99",4796215
5449000275424,FANTA NAP”J GAZ 850ML ORANGE,"6,99",4796215
5904730983006,"Kombucha, napÛj herbaciany o sm","2,79",4255147
5900334016423,NESTEA ICE TEA NAP.ZIE.HER.330M,"1,99",4445466
59029076,"PEPSI  BUT SZKL. 0,2L","2,49",4277000
59029076,"PEPSI  BUT SZKL. 0,2L","2,49",4277000
5906441350757,VERO ACTIV COCONOUT N/GAZ 550ML,"2,89",3973658
5900497038645,PEPSI 2X1.5L LIME MINT,"9,99",4022836
5900334018960,TIGER NAP”J 500ML ENERG THUNDER,"4,49",4347662
5904730983570,VITA NAP”J 250ML CONNABIAS COLA,"2,99",4349916
8002270936586,S.PELLEGRINO ARANCIATA 24X330ML,"118,99",4851887
5906708774173,LADY NAP 300ML BUBBL TRUSK JAGO,"5,69",5137815
5906708774180,LADY NAP 300ML BUBBL GREJPFRUT,"5,69",5137823
5601045300022,GUARANA NAP”J 330ML CLASSIC,"0,79",5137799
5900352016269,HELLENA ORANØADA 1.25L MALINA,"3,99",5238035
5900352015859,HELLENA ORANØADA 1.25L MI TA,"3,99",5238043
613008719524,ARIZONA NAP 650ML PEACH TEA,"6,99",5238753
5901067410397,DR WITT ØEL 100G ENERG MANGO,"2,69",5198502
5449000235367,FANTA NAP 330ML GAZ ORANGE ZERO,"3,99",5207881
5900552086758,BLACK NAP 500ML ENERG ORIG ZERO,"3,49",5024906
5900552087366,BLACK NAP 250ML ENERG FRIZ ROSE,"2,99",5024823
5904988310166,DZIK  ZERO CAFFEINE ZERO KALORI,"5,49",5118971
5904988309597,DZIK  ENERGY ZERO KALORII PEACH,"4,59",5118849
5904988310401,VITAMIN BOOST WIELOOWOCOWY 750m,"5,99",5118906
5907368800882,ACTIV PRZEDTR 80ML BL PANTH JAB,"3,99",5124185
5902860417781,DR PEPPER NAP 0.33L VANILLA,"2,99",5214358
5900497048477,PEPSI 330ML LEMON ZERO,"3,29",5216205
5900378733041,BI£GO KWAS CHLEBOWY 0.5L BBZ,"6,19",5217112
5449000294678,COCA COLA NAP GAZ 4X850ML ZERO,"25,99",4168381
5900497029780,Pepsi ns lime zip pack 2x2l,"6,59",4784195
5900552071426,BLACK MAGIC COLA ENERGY CLASSIC,"2,19",4818308
5900497036191,MIRINDA BLUBERRY ORANGE PET 1.5,"4,99",4281267
5000112644173,COCA COLA 2L,"5,89",4819223
5900552070108,BLACK 500ML MANGO,"2,75",3942257
5900552078647,NGINE NAP”J ENERG MOJITO 250ML,"1,99",4020558
5900552079088,BLACK MOJITO 500ML,"4,39",4020533
5900552079149,BLACK CLASSIC 500ML,"4,39",4020517
5906441360305,ZBYSZKO LEMONIAD CYT-LIM GAZ 1L,"3,79",4349684
5900552079224,4 MOVE MG FORTE MAGNESIUM 150ml,"2,29",4360335
5903242582332,BEORG IZOTONIK 100G BIO,"21,99",3636693
5449000314598,COCA COLA NAP 850ML GAZ ZER LIM,"6,99",5037866
5449000287038,FANTA NAP”J 330ML ORANGE,"3,49",5040050
5905133528153,JUNGLE NAP 450ML NATA MELON,"3,49",5137781
5900497039161,LIPTON NAP”J HERBAC 1.5L MINT,"5,59",4849543
59090427,PEPSI 250ML COLA,"3,49",4849568
59090427,PEPSI 250ML COLA,"3,49",4849568
5902860416302,SCHWEPP NAP WILD BERRY 1.35L,"7,99",4850855
90357473,coca cola zero 150 ml,"0,99",4539367
90357473,coca cola zero 150 ml,"0,99",4539367
5902020669371,CHAIMATE NAP”J 330ML GAZ,"3,99",5172887
5900497043458,LIPTON NAP”J 500ML HERB MANGO,"4,99",5175740
5900334015532,TIGER NAP”J 250ML ENERG MAND,"2,89",3751336
5900552063940,BLACK ENERGY EXTREME 250ML,"2,39",3764784
5900541007771,Øywiec zdrÛj black tea brzosk p,"3,29",4680765
